modelo,benchmark,workers,tiempo_envio,tiempo_total,throughput_envio,throughput_total,success,fail
indirecto,bm_uniforme.txt,3,9.82,219.03,6107.32,273.93,19022,40978
indirecto,bm_hotspot.txt,3,9.45,221.20,6348.30,271.25,10008,49992
indirecto,benchmark_numbered_60000.txt,3,4.16,95.62,6255.77,271.89,20000,5997
indirecto,benchmark_unnumbered_20000.txt,3,3.15,72.90,6340.33,274.35,20000,0
indirecto,bm_uniforme.txt,2,9.53,329.17,6296.67,182.28,19022,40978
indirecto,bm_hotspot.txt,2,9.60,333.50,6250.41,179.91,10008,49992
indirecto,benchmark_numbered_60000.txt,2,4.38,145.41,5939.83,178.78,20000,5997
indirecto,benchmark_unnumbered_20000.txt,2,3.41,111.59,5858.85,179.23,20000,0
indirecto,bm_uniforme.txt,1,10.09,615.34,5946.29,97.51,19022,40978
indirecto,bm_hotspot.txt,1,9.91,616.66,6055.82,97.30,10008,49992
indirecto,benchmark_numbered_60000.txt,1,4.23,267.17,6147.12,97.30,20000,5997
indirecto,benchmark_unnumbered_20000.txt,1,3.31,204.11,6047.92,97.99,20000,0
directo,bm_uniforme.txt,3,,71.43,,839.97,19022,40978
directo,bm_hotspot.txt,3,,64.22,,934.27,10008,49992
directo,benchmark_numbered_60000.txt,3,,29.07,,894.29,20000,5997
directo,benchmark_unnumbered_20000.txt,3,,21.35,,936.88,20000,0
directo,bm_uniforme.txt,2,,71.50,,839.17,19022,40978
directo,bm_hotspot.txt,2,,73.98,,811.05,10008,49992
directo,benchmark_numbered_60000.txt,2,,31.68,,820.64,20000,5997
directo,benchmark_unnumbered_20000.txt,2,,20.76,,963.31,20000,0
directo,bm_uniforme.txt,1,,85.56,,701.27,19022,40978
directo,bm_hotspot.txt,1,,73.69,,814.20,10008,49992
directo,benchmark_numbered_60000.txt,1,,36.38,,714.69,20000,5997
directo,benchmark_unnumbered_20000.txt,1,,33.43,,598.24,20000,0
