benchmark,workers,limite,concurrencia,total,success,fail,tiempo_total_seg,throughput_ops_seg
no_numerado,2,2000,10,2000,2000,0,6.7680,295.51
no_numerado,2,2000,20,2000,2000,0,3.7391,534.88
no_numerado,2,2000,50,2000,1412,588,2.7242,734.17
no_numerado,2,2000,50,2000,1992,8,2.8338,705.78
no_numerado,2,2000,50,2000,870,1130,1.7072,1171.52
no_numerado,2,20000,20,20000,19997,3,29.4865,678.28
no_numerado,2,20000,20,20000,19999,1,33.5057,596.91
no_numerado,3,20000,20,20000,19999,1,36.0104,555.39
no_numerado,3,20000,20,20000,19999,1,36.3462,550.26
no_numerado,2,2000,10,2000,2000,0,8.5384,234.24
no_numerado,2,2000,10,2000,2000,0,6.7352,296.95
no_numerado,9,1000,50,1000,1000,0,41.1007,24.33
no_numerado,desconocido,20000,50,20000,12920,7080,19.1769,1042.92
no_numerado,9,20000,50,20000,14098,5902,16.9205,1182.00
no_numerado,9,20000,50,20000,19952,48,18.8974,1058.35
